{"cameraMode":{"drawMode":0,"name":"Shaded","section":"Shading Mode"},"sceneLighting":true,"audioPlay":false,"sceneViewState":{"showFog":true,"showMaterialUpdate":true,"showSkybox":false,"showFlares":true,"showImageEffects":true,"showParticleSystems":true},"in2DMode":false,"pivot":{"x":854.429931640625,"y":702.5584106445313,"z":3568.667236328125},"rotation":{"x":0.0042276871390640739,"y":0.9798820614814758,"z":-0.19843770563602448,"w":0.02087567001581192},"size":15.399970054626465,"orthographic":false}