{"cameraMode":{"drawMode":0,"name":"Shaded","section":"Shading Mode"},"sceneLighting":true,"audioPlay":false,"sceneViewState":{"showFog":true,"showMaterialUpdate":true,"showSkybox":true,"showFlares":true,"showImageEffects":true,"showParticleSystems":true},"in2DMode":false,"pivot":{"x":0.0,"y":-0.30000001192092898,"z":0.30000001192092898},"rotation":{"x":-0.34882158041000368,"y":0.31461551785469057,"z":-0.12559650838375092,"w":-0.8738229274749756},"size":5.14523458480835,"orthographic":false}